<?xml version="1.0"?>
<!DOCTYPE hibernate-mapping PUBLIC
        "-//Hibernate/Hibernate Mapping DTD 3.0//EN"
        "http://www.hibernate.org/dtd/hibernate-mapping-3.0.dtd">
<hibernate-mapping>
    <class name="Domain.Angajat"
           table="Angajat">
        <id name="id" type="long">
            <generator class="increment"/>
        </id>
        <property name ="nume"/>
        <property name ="user"/>
        <property name ="pw"/>
        <property name ="rol"/>
        <property name ="date"/>

    </class>
</hibernate-mapping>