<?xml version="1.0"?>
<!DOCTYPE hibernate-mapping PUBLIC
        "-//Hibernate/Hibernate Mapping DTD 3.0//EN"
        "http://www.hibernate.org/dtd/hibernate-mapping-3.0.dtd">
<hibernate-mapping>
    <class name="Domain.Task"
           table="Task">
        <id name="id" type="long">
            <generator class="increment"/>
        </id>
        <property name ="Sef"/>
        <property name ="descriere"/>
        <property name ="idAng"/>
        <property name ="stare"/>
    </class>
</hibernate-mapping>